participant.code,treatment,ratio,choice_X
13k8x64z,0,0.332613390928726,0
13k8x64z,0,0.249618320610687,0
13k8x64z,0,0.666306695464363,0
13k8x64z,0,0.110691144708423,0
13k8x64z,0,0.818034557235421,1
13k8x64z,0,0.176025917926566,0
13k8x64z,0,0.0518358531317495,0
13k8x64z,0,0.333153347732181,0
13k8x64z,0,0.110691144708423,0
13k8x64z,0,0.333153347732181,0
13k8x64z,0,0.817494600431966,1
13k8x64z,0,0.816793893129771,1
13k8x64z,0,0.109923664122137,0
13k8x64z,0,0.666306695464363,0
13k8x64z,0,1.0,1
13k8x64z,0,0.175572519083969,0
13k8x64z,0,0.110151187904968,0
13k8x64z,0,0.109923664122137,0
13k8x64z,0,0.0519083969465649,0
13k8x64z,0,0.332824427480916,0
13k8x64z,0,0.0519083969465649,0
13k8x64z,0,0.817557251908397,1
13k8x64z,0,0.0523758099352052,0
13k8x64z,0,0.249460043196544,0
13k8x64z,0,0.332613390928726,0
13k8x64z,0,0.176335877862595,0
13k8x64z,0,0.665648854961832,0
13k8x64z,0,0.42824427480916,0
13k8x64z,0,0.249618320610687,0
13k8x64z,0,1.0,1
13k8x64z,0,0.332824427480916,0
13k8x64z,0,0.175572519083969,0
13k8x64z,0,0.109923664122137,0
13k8x64z,0,0.666412213740458,0
13k8x64z,0,1.0,1
13k8x64z,0,0.110687022900763,0
13k8x64z,0,0.249460043196544,0
13k8x64z,0,0.248854961832061,0
13k8x64z,0,0.818034557235421,1
13k8x64z,0,0.817494600431966,1
13k8x64z,0,0.0518358531317495,0
13k8x64z,0,0.249618320610687,0
13k8x64z,0,0.0523758099352052,0
13k8x64z,0,0.176025917926566,0
13k8x64z,0,0.0518358531317495,0
13k8x64z,0,0.332613390928726,0
13k8x64z,0,0.176025917926566,0
13k8x64z,0,0.249618320610687,0
13k8x64z,0,0.110151187904968,0
13k8x64z,0,0.428185745140389,0
13k8x64z,0,0.0519083969465649,0
13k8x64z,0,0.176025917926566,0
13k8x64z,0,0.110687022900763,0
13k8x64z,0,0.249460043196544,0
13k8x64z,0,0.665648854961832,0
13k8x64z,0,0.538167938931298,0
13k8x64z,0,0.248854961832061,0
13k8x64z,0,0.332824427480916,0
13k8x64z,0,0.537796976241901,1
13k8x64z,0,0.332824427480916,0
13k8x64z,0,0.537796976241901,0
13k8x64z,0,0.816793893129771,1
13k8x64z,0,0.666412213740458,1
13k8x64z,0,0.666846652267819,0
13k8x64z,0,0.176025917926566,0
13k8x64z,0,0.0523758099352052,0
13k8x64z,0,0.427480916030534,0
13k8x64z,0,0.332824427480916,0
13k8x64z,0,0.176335877862595,0
13k8x64z,0,0.538167938931298,0
13k8x64z,0,1.0,0
13k8x64z,0,0.537796976241901,0
13k8x64z,0,0.110687022900763,0
13k8x64z,0,0.427645788336933,0
13k8x64z,0,0.176335877862595,0
13k8x64z,0,0.176025917926566,0
13k8x64z,0,0.817494600431966,1
13k8x64z,0,0.818034557235421,1
13k8x64z,0,0.538336933045356,0
13k8x64z,0,0.666846652267819,0
13k8x64z,0,1.0,1
13k8x64z,0,0.176025917926566,0
13k8x64z,0,0.427645788336933,0
13k8x64z,0,0.332613390928726,0
13k8x64z,0,0.248854961832061,0
13k8x64z,0,0.248854961832061,0
13k8x64z,0,0.110691144708423,0
13k8x64z,0,0.537404580152672,0
13k8x64z,0,0.537404580152672,0
13k8x64z,0,0.110151187904968,0
13k8x64z,0,1.0,1
13k8x64z,0,0.332613390928726,0
13k8x64z,0,1.0,0
13k8x64z,0,0.816793893129771,1
13k8x64z,0,0.817557251908397,1
13k8x64z,0,0.817557251908397,1
13k8x64z,0,0.537404580152672,0
13k8x64z,0,0.537796976241901,0
13k8x64z,0,0.665648854961832,0
13k8x64z,0,0.42824427480916,0
13k8x64z,0,0.0519083969465649,0
13k8x64z,0,0.817494600431966,1
13k8x64z,0,0.109923664122137,0
13k8x64z,0,1.0,0
13k8x64z,0,0.333153347732181,0
13k8x64z,0,0.666306695464363,0
13k8x64z,0,0.25,0
13k8x64z,0,0.538167938931298,0
13k8x64z,0,0.333153347732181,0
13k8x64z,0,0.110691144708423,0
13k8x64z,0,0.666846652267819,0
13k8x64z,0,0.42824427480916,0
13k8x64z,0,0.333153347732181,0
13k8x64z,0,1.0,1
13k8x64z,0,0.538336933045356,0
13k8x64z,0,0.666412213740458,0
13k8x64z,0,1.0,1
13k8x64z,0,0.0523758099352052,0
13k8x64z,0,0.665648854961832,0
13k8x64z,0,0.175572519083969,0
13k8x64z,0,0.666412213740458,1
13k8x64z,0,0.427480916030534,0
13k8x64z,0,0.110687022900763,0
13k8x64z,0,0.666846652267819,0
13k8x64z,0,1.0,1
13k8x64z,0,0.0519083969465649,0
13k8x64z,0,0.428185745140389,0
13k8x64z,0,0.0519083969465649,0
13k8x64z,0,0.249460043196544,0
13k8x64z,0,0.428185745140389,0
13k8x64z,0,0.176025917926566,0
13k8x64z,0,0.427480916030534,0
13k8x64z,0,0.176335877862595,0
13k8x64z,0,0.666846652267819,0
13k8x64z,0,0.817557251908397,1
13k8x64z,0,1.0,0
13k8x64z,0,0.427645788336933,0
13k8x64z,0,0.332824427480916,0
13k8x64z,0,0.332824427480916,0
13k8x64z,0,0.249460043196544,0
13k8x64z,0,0.332824427480916,0
13k8x64z,0,0.817494600431966,1
13k8x64z,0,0.0519083969465649,0
13k8x64z,0,0.0518358531317495,0
13k8x64z,0,0.110687022900763,0
13k8x64z,0,0.332824427480916,0
13k8x64z,0,1.0,1
13k8x64z,0,0.0519083969465649,0
13k8x64z,0,0.175572519083969,0
13k8x64z,0,0.427480916030534,0
13k8x64z,0,0.816793893129771,1
13k8x64z,0,0.25,0
13k8x64z,0,0.427645788336933,0
13k8x64z,0,1.0,1
13k8x64z,0,1.0,0
13k8x64z,0,0.176335877862595,0
13k8x64z,0,0.427480916030534,0
13k8x64z,0,0.817557251908397,1
13k8x64z,0,1.0,1
13k8x64z,0,0.332824427480916,0
13k8x64z,0,0.175572519083969,0
13k8x64z,0,1.0,1
13k8x64z,0,0.25,0
13k8x64z,0,0.0523758099352052,0
13k8x64z,0,0.538336933045356,0
13k8x64z,0,0.538336933045356,0
13k8x64z,0,0.537404580152672,0
13k8x64z,0,0.25,0
13k8x64z,0,0.666412213740458,1
13k8x64z,0,0.109923664122137,0
13k8x64z,0,0.25,0
13k8x64z,0,0.0519083969465649,0
13k8x64z,0,0.176025917926566,0
13k8x64z,0,0.0518358531317495,0
13k8x64z,0,0.42824427480916,0
13k8x64z,0,0.666306695464363,0
13k8x64z,0,0.537404580152672,0
13k8x64z,0,0.666306695464363,0
13k8x64z,0,0.538336933045356,0
13k8x64z,0,0.110151187904968,0
13k8x64z,0,0.428185745140389,0
13k8x64z,0,0.428185745140389,0
13k8x64z,0,0.665648854961832,0
13k8x64z,0,1.0,1
13k8x64z,0,0.818034557235421,1
13k8x64z,0,0.427645788336933,0
13k8x64z,0,0.249618320610687,0
13k8x64z,0,0.816793893129771,1
13k8x64z,0,0.538167938931298,0
13k8x64z,0,0.0519083969465649,0
13k8x64z,0,0.42824427480916,0
13k8x64z,0,0.176025917926566,0
13k8x64z,0,0.248854961832061,0
13k8x64z,0,0.538167938931298,0
13k8x64z,0,1.0,1
13k8x64z,0,0.818034557235421,1
13k8x64z,0,1.0,1
13k8x64z,0,0.110151187904968,0
13k8x64z,0,0.110691144708423,0
13k8x64z,0,0.537796976241901,0
2zwthvp8,1,0.817557251908397,1
2zwthvp8,1,0.332824427480916,0
2zwthvp8,1,0.817494600431966,1
2zwthvp8,1,0.176025917926566,0
2zwthvp8,1,0.333153347732181,1
2zwthvp8,1,0.538167938931298,1
2zwthvp8,1,0.176335877862595,0
2zwthvp8,1,0.110687022900763,0
2zwthvp8,1,0.249460043196544,0
2zwthvp8,1,0.176025917926566,1
2zwthvp8,1,0.0518358531317495,0
2zwthvp8,1,0.428185745140389,1
2zwthvp8,1,0.25,1
2zwthvp8,1,0.666412213740458,1
2zwthvp8,1,0.176335877862595,0
2zwthvp8,1,0.666846652267819,1
2zwthvp8,1,0.0519083969465649,0
2zwthvp8,1,0.538167938931298,1
2zwthvp8,1,0.248854961832061,0
2zwthvp8,1,1.0,1
2zwthvp8,1,1.0,1
2zwthvp8,1,0.665648854961832,1
2zwthvp8,1,1.0,1
2zwthvp8,1,0.110691144708423,0
2zwthvp8,1,0.0523758099352052,0
2zwthvp8,1,0.176025917926566,0
2zwthvp8,1,0.110691144708423,0
2zwthvp8,1,0.666846652267819,1
2zwthvp8,1,0.42824427480916,1
2zwthvp8,1,0.666846652267819,1
2zwthvp8,1,0.110691144708423,0
2zwthvp8,1,0.817557251908397,1
2zwthvp8,1,1.0,1
2zwthvp8,1,0.110687022900763,0
2zwthvp8,1,0.817494600431966,1
2zwthvp8,1,0.332824427480916,0
2zwthvp8,1,1.0,1
2zwthvp8,1,0.248854961832061,0
2zwthvp8,1,0.249460043196544,0
2zwthvp8,1,0.332824427480916,0
2zwthvp8,1,0.332613390928726,1
2zwthvp8,1,0.665648854961832,1
2zwthvp8,1,0.333153347732181,1
2zwthvp8,1,0.537404580152672,1
2zwthvp8,1,0.666412213740458,1
2zwthvp8,1,0.427645788336933,1
2zwthvp8,1,0.249618320610687,1
2zwthvp8,1,0.666846652267819,1
2zwthvp8,1,0.110691144708423,0
2zwthvp8,1,0.538336933045356,1
2zwthvp8,1,0.666306695464363,1
2zwthvp8,1,0.427480916030534,0
2zwthvp8,1,1.0,1
2zwthvp8,1,0.332824427480916,0
2zwthvp8,1,0.537404580152672,1
2zwthvp8,1,0.110151187904968,0
2zwthvp8,1,0.0523758099352052,0
2zwthvp8,1,0.428185745140389,1
2zwthvp8,1,0.816793893129771,1
2zwthvp8,1,0.818034557235421,1
2zwthvp8,1,0.0518358531317495,0
2zwthvp8,1,0.818034557235421,1
2zwthvp8,1,0.427480916030534,0
2zwthvp8,1,0.332824427480916,1
2zwthvp8,1,0.428185745140389,1
2zwthvp8,1,0.249618320610687,1
2zwthvp8,1,0.176025917926566,0
2zwthvp8,1,0.332824427480916,0
2zwthvp8,1,0.25,1
2zwthvp8,1,0.0519083969465649,0
2zwthvp8,1,0.249618320610687,1
2zwthvp8,1,0.110687022900763,0
2zwthvp8,1,0.248854961832061,0
2zwthvp8,1,0.176025917926566,0
2zwthvp8,1,0.25,1
2zwthvp8,1,0.176335877862595,0
2zwthvp8,1,0.666306695464363,1
2zwthvp8,1,0.332613390928726,1
2zwthvp8,1,0.109923664122137,0
2zwthvp8,1,0.109923664122137,0
2zwthvp8,1,0.175572519083969,0
2zwthvp8,1,0.110151187904968,0
2zwthvp8,1,0.42824427480916,1
2zwthvp8,1,0.538167938931298,1
2zwthvp8,1,1.0,1
2zwthvp8,1,0.666412213740458,1
2zwthvp8,1,0.0519083969465649,0
2zwthvp8,1,1.0,1
2zwthvp8,1,0.538336933045356,1
2zwthvp8,1,0.110151187904968,0
2zwthvp8,1,0.333153347732181,1
2zwthvp8,1,1.0,1
2zwthvp8,1,0.666306695464363,1
2zwthvp8,1,0.0518358531317495,0
2zwthvp8,1,0.428185745140389,1
2zwthvp8,1,0.0523758099352052,0
2zwthvp8,1,0.817557251908397,1
2zwthvp8,1,0.427645788336933,1
2zwthvp8,1,1.0,1
2zwthvp8,1,0.0519083969465649,0
2zwthvp8,1,0.42824427480916,1
2zwthvp8,1,0.817494600431966,1
2zwthvp8,1,0.249618320610687,1
2zwthvp8,1,0.0519083969465649,0
2zwthvp8,1,1.0,1
2zwthvp8,1,0.249618320610687,1
2zwthvp8,1,0.0519083969465649,0
2zwthvp8,1,0.175572519083969,0
2zwthvp8,1,0.176025917926566,1
2zwthvp8,1,0.42824427480916,1
2zwthvp8,1,0.538167938931298,1
2zwthvp8,1,0.332613390928726,0
2zwthvp8,1,0.110151187904968,0
2zwthvp8,1,0.332613390928726,1
2zwthvp8,1,0.332824427480916,1
2zwthvp8,1,0.176025917926566,1
2zwthvp8,1,0.537796976241901,1
2zwthvp8,1,0.537404580152672,1
2zwthvp8,1,0.176025917926566,1
2zwthvp8,1,0.665648854961832,1
2zwthvp8,1,0.665648854961832,1
2zwthvp8,1,0.817557251908397,1
2zwthvp8,1,0.175572519083969,0
2zwthvp8,1,0.175572519083969,0
2zwthvp8,1,0.665648854961832,1
2zwthvp8,1,1.0,1
2zwthvp8,1,0.666306695464363,1
2zwthvp8,1,0.538336933045356,1
2zwthvp8,1,0.176025917926566,1
2zwthvp8,1,0.0518358531317495,0
2zwthvp8,1,0.818034557235421,1
2zwthvp8,1,1.0,1
2zwthvp8,1,0.110691144708423,0
2zwthvp8,1,0.110687022900763,0
2zwthvp8,1,0.666412213740458,1
2zwthvp8,1,0.537796976241901,1
2zwthvp8,1,0.248854961832061,0
2zwthvp8,1,0.666846652267819,1
2zwthvp8,1,0.176025917926566,0
2zwthvp8,1,0.666412213740458,1
2zwthvp8,1,1.0,1
2zwthvp8,1,0.0523758099352052,0
2zwthvp8,1,0.537796976241901,1
2zwthvp8,1,0.42824427480916,1
2zwthvp8,1,0.0519083969465649,0
2zwthvp8,1,0.427480916030534,0
2zwthvp8,1,1.0,1
2zwthvp8,1,0.176335877862595,0
2zwthvp8,1,0.0519083969465649,0
2zwthvp8,1,1.0,1
2zwthvp8,1,0.175572519083969,0
2zwthvp8,1,0.818034557235421,1
2zwthvp8,1,0.332613390928726,1
2zwthvp8,1,0.0518358531317495,0
2zwthvp8,1,1.0,1
2zwthvp8,1,0.427645788336933,1
2zwthvp8,1,0.332824427480916,1
2zwthvp8,1,0.816793893129771,1
2zwthvp8,1,0.538167938931298,1
2zwthvp8,1,0.817494600431966,1
2zwthvp8,1,0.333153347732181,1
2zwthvp8,1,0.249460043196544,0
2zwthvp8,1,0.666306695464363,1
2zwthvp8,1,0.332824427480916,1
2zwthvp8,1,0.537404580152672,1
2zwthvp8,1,0.110687022900763,0
2zwthvp8,1,0.176335877862595,0
2zwthvp8,1,0.538336933045356,1
2zwthvp8,1,0.248854961832061,0
2zwthvp8,1,1.0,1
2zwthvp8,1,0.109923664122137,0
2zwthvp8,1,0.0519083969465649,0
2zwthvp8,1,0.537404580152672,1
2zwthvp8,1,0.109923664122137,0
2zwthvp8,1,1.0,1
2zwthvp8,1,0.0519083969465649,0
2zwthvp8,1,0.817557251908397,1
2zwthvp8,1,0.25,1
2zwthvp8,1,0.109923664122137,0
2zwthvp8,1,0.333153347732181,1
2zwthvp8,1,0.0523758099352052,0
2zwthvp8,1,0.816793893129771,1
2zwthvp8,1,0.25,1
2zwthvp8,1,0.817494600431966,1
2zwthvp8,1,0.816793893129771,1
2zwthvp8,1,0.538336933045356,1
2zwthvp8,1,0.427480916030534,0
2zwthvp8,1,0.249460043196544,0
2zwthvp8,1,0.110151187904968,0
2zwthvp8,1,0.428185745140389,1
2zwthvp8,1,0.816793893129771,1
2zwthvp8,1,0.332824427480916,1
2zwthvp8,1,0.427645788336933,1
2zwthvp8,1,1.0,1
2zwthvp8,1,0.537796976241901,1
2zwthvp8,1,0.537796976241901,1
2zwthvp8,1,0.427645788336933,1
2zwthvp8,1,0.427480916030534,0
2zwthvp8,1,0.818034557235421,1
2zwthvp8,1,0.249460043196544,0
3krfudi7,0,1.0,1
3krfudi7,0,0.109923664122137,0
3krfudi7,0,1.0,1
3krfudi7,0,0.538167938931298,1
3krfudi7,0,0.110687022900763,1
3krfudi7,0,0.666412213740458,1
3krfudi7,0,0.427480916030534,1
3krfudi7,0,0.427480916030534,1
3krfudi7,0,0.427480916030534,1
3krfudi7,0,0.817494600431966,1
3krfudi7,0,0.42824427480916,1
3krfudi7,0,0.817494600431966,1
3krfudi7,0,0.110151187904968,1
3krfudi7,0,0.176335877862595,1
3krfudi7,0,0.0519083969465649,0
3krfudi7,0,0.665648854961832,1
3krfudi7,0,0.427480916030534,1
3krfudi7,0,0.333153347732181,1
3krfudi7,0,0.332613390928726,1
3krfudi7,0,0.538167938931298,1
3krfudi7,0,0.817557251908397,1
3krfudi7,0,0.25,1
3krfudi7,0,1.0,1
3krfudi7,0,0.332824427480916,1
3krfudi7,0,0.249618320610687,1
3krfudi7,0,0.538336933045356,1
3krfudi7,0,0.110691144708423,1
3krfudi7,0,0.666846652267819,1
3krfudi7,0,0.818034557235421,1
3krfudi7,0,0.110151187904968,1
3krfudi7,0,0.110691144708423,1
3krfudi7,0,0.332824427480916,1
3krfudi7,0,0.110151187904968,1
3krfudi7,0,0.332613390928726,1
3krfudi7,0,0.0519083969465649,0
3krfudi7,0,0.818034557235421,1
3krfudi7,0,1.0,1
3krfudi7,0,1.0,1
3krfudi7,0,1.0,1
3krfudi7,0,0.176335877862595,1
3krfudi7,0,0.333153347732181,1
3krfudi7,0,0.0518358531317495,0
3krfudi7,0,0.110687022900763,1
3krfudi7,0,0.249460043196544,1
3krfudi7,0,0.176025917926566,1
3krfudi7,0,0.175572519083969,1
3krfudi7,0,0.666846652267819,1
3krfudi7,0,0.537796976241901,1
3krfudi7,0,0.0518358531317495,0
3krfudi7,0,0.0519083969465649,0
3krfudi7,0,0.175572519083969,1
3krfudi7,0,0.110151187904968,1
3krfudi7,0,0.249460043196544,1
3krfudi7,0,1.0,1
3krfudi7,0,0.0523758099352052,0
3krfudi7,0,0.817494600431966,1
3krfudi7,0,0.109923664122137,0
3krfudi7,0,1.0,1
3krfudi7,0,0.427645788336933,1
3krfudi7,0,0.249460043196544,1
3krfudi7,0,0.665648854961832,1
3krfudi7,0,0.427645788336933,1
3krfudi7,0,0.332824427480916,1
3krfudi7,0,0.0519083969465649,0
3krfudi7,0,0.0519083969465649,0
3krfudi7,0,0.537404580152672,1
3krfudi7,0,1.0,1
3krfudi7,0,0.332824427480916,1
3krfudi7,0,0.816793893129771,1
3krfudi7,0,0.428185745140389,1
3krfudi7,0,0.0523758099352052,0
3krfudi7,0,0.176025917926566,1
3krfudi7,0,0.816793893129771,1
3krfudi7,0,0.817494600431966,1
3krfudi7,0,1.0,1
3krfudi7,0,0.427645788336933,1
3krfudi7,0,0.332824427480916,1
3krfudi7,0,0.0518358531317495,0
3krfudi7,0,1.0,1
3krfudi7,0,0.25,1
3krfudi7,0,0.176335877862595,1
3krfudi7,0,0.332613390928726,1
3krfudi7,0,0.817557251908397,1
3krfudi7,0,0.538336933045356,1
3krfudi7,0,0.816793893129771,1
3krfudi7,0,0.817557251908397,1
3krfudi7,0,1.0,1
3krfudi7,0,0.818034557235421,1
3krfudi7,0,0.110691144708423,1
3krfudi7,0,0.333153347732181,1
3krfudi7,0,0.666306695464363,1
3krfudi7,0,0.427645788336933,1
3krfudi7,0,0.538167938931298,1
3krfudi7,0,0.666306695464363,1
3krfudi7,0,0.428185745140389,1
3krfudi7,0,0.817557251908397,1
3krfudi7,0,0.110691144708423,1
3krfudi7,0,0.818034557235421,1
3krfudi7,0,1.0,1
3krfudi7,0,0.538167938931298,1
3krfudi7,0,0.110687022900763,1
3krfudi7,0,0.818034557235421,1
3krfudi7,0,0.666846652267819,1
3krfudi7,0,0.42824427480916,1
3krfudi7,0,0.538336933045356,1
3krfudi7,0,0.110691144708423,1
3krfudi7,0,0.332824427480916,1
3krfudi7,0,0.538336933045356,1
3krfudi7,0,0.248854961832061,0
3krfudi7,0,0.665648854961832,1
3krfudi7,0,0.25,1
3krfudi7,0,0.666412213740458,1
3krfudi7,0,0.0519083969465649,0
3krfudi7,0,0.249618320610687,1
3krfudi7,0,0.249618320610687,1
3krfudi7,0,0.427645788336933,1
3krfudi7,0,0.0519083969465649,0
3krfudi7,0,0.428185745140389,1
3krfudi7,0,0.42824427480916,1
3krfudi7,0,1.0,1
3krfudi7,0,0.248854961832061,1
3krfudi7,0,0.332824427480916,1
3krfudi7,0,0.333153347732181,1
3krfudi7,0,0.248854961832061,1
3krfudi7,0,0.0519083969465649,0
3krfudi7,0,0.25,1
3krfudi7,0,0.537796976241901,1
3krfudi7,0,0.666846652267819,1
3krfudi7,0,0.249460043196544,1
3krfudi7,0,0.816793893129771,1
3krfudi7,0,0.333153347732181,1
3krfudi7,0,0.538167938931298,1
3krfudi7,0,0.665648854961832,1
3krfudi7,0,0.0523758099352052,0
3krfudi7,0,0.176025917926566,0
3krfudi7,0,0.176025917926566,0
3krfudi7,0,0.0519083969465649,1
3krfudi7,0,0.176025917926566,0
3krfudi7,0,0.0523758099352052,0
3krfudi7,0,0.428185745140389,1
3krfudi7,0,1.0,1
3krfudi7,0,0.109923664122137,0
3krfudi7,0,0.817557251908397,1
3krfudi7,0,0.538336933045356,1
3krfudi7,0,0.110151187904968,1
3krfudi7,0,1.0,1
3krfudi7,0,0.666306695464363,1
3krfudi7,0,0.25,1
3krfudi7,0,0.176025917926566,1
3krfudi7,0,0.537796976241901,1
3krfudi7,0,0.537796976241901,1
3krfudi7,0,0.175572519083969,1
3krfudi7,0,0.427480916030534,1
3krfudi7,0,0.248854961832061,1
3krfudi7,0,0.0518358531317495,0
3krfudi7,0,0.666412213740458,1
3krfudi7,0,0.666412213740458,1
3krfudi7,0,0.249460043196544,1
3krfudi7,0,0.666412213740458,1
3krfudi7,0,0.176025917926566,1
3krfudi7,0,1.0,1
3krfudi7,0,1.0,1
3krfudi7,0,0.332824427480916,1
3krfudi7,0,0.332613390928726,1
3krfudi7,0,0.817494600431966,1
3krfudi7,0,0.176025917926566,1
3krfudi7,0,0.110687022900763,1
3krfudi7,0,0.332613390928726,1
3krfudi7,0,0.666306695464363,1
3krfudi7,0,0.109923664122137,0
3krfudi7,0,0.42824427480916,1
3krfudi7,0,0.0519083969465649,0
3krfudi7,0,0.816793893129771,1
3krfudi7,0,0.666306695464363,1
3krfudi7,0,0.249618320610687,1
3krfudi7,0,0.666846652267819,1
3krfudi7,0,0.537404580152672,1
3krfudi7,0,0.428185745140389,1
3krfudi7,0,0.176025917926566,1
3krfudi7,0,0.176335877862595,1
3krfudi7,0,0.537796976241901,1
3krfudi7,0,0.537404580152672,1
3krfudi7,0,0.248854961832061,1
3krfudi7,0,0.332824427480916,1
3krfudi7,0,0.176025917926566,1
3krfudi7,0,1.0,1
3krfudi7,0,0.249618320610687,1
3krfudi7,0,0.42824427480916,1
3krfudi7,0,0.0523758099352052,0
3krfudi7,0,0.110687022900763,1
3krfudi7,0,0.537404580152672,1
3krfudi7,0,0.175572519083969,1
3krfudi7,0,0.176335877862595,1
3krfudi7,0,0.109923664122137,0
3krfudi7,0,0.537404580152672,1
3krfudi7,0,0.175572519083969,1
3krfudi7,0,0.665648854961832,1
3krfudi7,0,0.332824427480916,1
3krfudi7,0,1.0,1
3krfudi7,0,0.0518358531317495,0
4vv9ldqh,1,0.333153347732181,1
4vv9ldqh,1,0.428185745140389,1
4vv9ldqh,1,0.333153347732181,1
4vv9ldqh,1,0.538336933045356,1
4vv9ldqh,1,0.816793893129771,1
4vv9ldqh,1,0.176335877862595,0
4vv9ldqh,1,0.427480916030534,1
4vv9ldqh,1,0.817494600431966,1
4vv9ldqh,1,0.42824427480916,1
4vv9ldqh,1,0.818034557235421,1
4vv9ldqh,1,0.332824427480916,0
4vv9ldqh,1,0.816793893129771,1
4vv9ldqh,1,0.176025917926566,0
4vv9ldqh,1,0.249618320610687,0
4vv9ldqh,1,1.0,1
4vv9ldqh,1,0.538167938931298,1
4vv9ldqh,1,0.110691144708423,0
4vv9ldqh,1,0.109923664122137,0
4vv9ldqh,1,0.818034557235421,1
4vv9ldqh,1,0.537796976241901,1
4vv9ldqh,1,1.0,1
4vv9ldqh,1,0.0519083969465649,0
4vv9ldqh,1,0.0523758099352052,0
4vv9ldqh,1,0.427645788336933,1
4vv9ldqh,1,0.333153347732181,1
4vv9ldqh,1,0.0523758099352052,0
4vv9ldqh,1,0.249618320610687,1
4vv9ldqh,1,0.332613390928726,1
4vv9ldqh,1,0.818034557235421,1
4vv9ldqh,1,0.816793893129771,1
4vv9ldqh,1,0.176025917926566,1
4vv9ldqh,1,0.176335877862595,1
4vv9ldqh,1,0.248854961832061,0
4vv9ldqh,1,0.110691144708423,0
4vv9ldqh,1,0.249460043196544,1
4vv9ldqh,1,0.665648854961832,1
4vv9ldqh,1,1.0,1
4vv9ldqh,1,0.110691144708423,0
4vv9ldqh,1,0.666306695464363,1
4vv9ldqh,1,0.538336933045356,1
4vv9ldqh,1,0.25,1
4vv9ldqh,1,0.666846652267819,1
4vv9ldqh,1,0.42824427480916,1
4vv9ldqh,1,1.0,1
4vv9ldqh,1,0.110151187904968,0
4vv9ldqh,1,0.427645788336933,1
4vv9ldqh,1,0.176025917926566,1
4vv9ldqh,1,0.110151187904968,0
4vv9ldqh,1,0.176335877862595,0
4vv9ldqh,1,0.332613390928726,1
4vv9ldqh,1,0.249618320610687,0
4vv9ldqh,1,0.666846652267819,1
4vv9ldqh,1,0.538167938931298,1
4vv9ldqh,1,0.0519083969465649,0
4vv9ldqh,1,1.0,1
4vv9ldqh,1,0.25,0
4vv9ldqh,1,0.666306695464363,1
4vv9ldqh,1,0.110687022900763,0
4vv9ldqh,1,0.538336933045356,1
4vv9ldqh,1,0.428185745140389,1
4vv9ldqh,1,0.248854961832061,0
4vv9ldqh,1,0.25,1
4vv9ldqh,1,0.109923664122137,0
4vv9ldqh,1,0.332613390928726,1
4vv9ldqh,1,0.818034557235421,1
4vv9ldqh,1,0.176335877862595,0
4vv9ldqh,1,0.666412213740458,1
4vv9ldqh,1,0.42824427480916,1
4vv9ldqh,1,0.110687022900763,0
4vv9ldqh,1,1.0,1
4vv9ldqh,1,0.332824427480916,0
4vv9ldqh,1,0.42824427480916,1
4vv9ldqh,1,1.0,1
4vv9ldqh,1,0.427480916030534,0
4vv9ldqh,1,0.817557251908397,1
4vv9ldqh,1,0.0523758099352052,0
4vv9ldqh,1,0.666412213740458,1
4vv9ldqh,1,0.665648854961832,1
4vv9ldqh,1,0.538167938931298,1
4vv9ldqh,1,0.427480916030534,1
4vv9ldqh,1,1.0,1
4vv9ldqh,1,0.666412213740458,1
4vv9ldqh,1,0.537404580152672,1
4vv9ldqh,1,0.249618320610687,0
4vv9ldqh,1,0.537796976241901,1
4vv9ldqh,1,0.332824427480916,0
4vv9ldqh,1,0.109923664122137,0
4vv9ldqh,1,0.0523758099352052,0
4vv9ldqh,1,0.176025917926566,0
4vv9ldqh,1,1.0,1
4vv9ldqh,1,0.666306695464363,1
4vv9ldqh,1,0.817494600431966,1
4vv9ldqh,1,0.0519083969465649,0
4vv9ldqh,1,0.332824427480916,0
4vv9ldqh,1,1.0,1
4vv9ldqh,1,0.427645788336933,1
4vv9ldqh,1,1.0,1
4vv9ldqh,1,0.110151187904968,0
4vv9ldqh,1,0.176025917926566,0
4vv9ldqh,1,0.0523758099352052,0
4vv9ldqh,1,0.110687022900763,0
4vv9ldqh,1,1.0,1
4vv9ldqh,1,0.666306695464363,1
4vv9ldqh,1,0.110691144708423,0
4vv9ldqh,1,0.332824427480916,1
4vv9ldqh,1,0.248854961832061,0
4vv9ldqh,1,0.332824427480916,1
4vv9ldqh,1,0.110151187904968,0
4vv9ldqh,1,0.333153347732181,1
4vv9ldqh,1,0.428185745140389,1
4vv9ldqh,1,1.0,1
4vv9ldqh,1,0.817557251908397,1
4vv9ldqh,1,0.0518358531317495,0
4vv9ldqh,1,0.249460043196544,1
4vv9ldqh,1,0.817557251908397,1
4vv9ldqh,1,0.817494600431966,1
4vv9ldqh,1,0.666846652267819,1
4vv9ldqh,1,0.0519083969465649,0
4vv9ldqh,1,1.0,1
4vv9ldqh,1,0.248854961832061,0
4vv9ldqh,1,0.249460043196544,1
4vv9ldqh,1,0.0518358531317495,0
4vv9ldqh,1,0.176025917926566,0
4vv9ldqh,1,0.249618320610687,1
4vv9ldqh,1,0.665648854961832,1
4vv9ldqh,1,0.537404580152672,1
4vv9ldqh,1,0.176025917926566,1
4vv9ldqh,1,0.427480916030534,1
4vv9ldqh,1,0.817557251908397,1
4vv9ldqh,1,0.332824427480916,1
4vv9ldqh,1,0.110151187904968,0
4vv9ldqh,1,0.332613390928726,1
4vv9ldqh,1,0.25,1
4vv9ldqh,1,0.666846652267819,1
4vv9ldqh,1,1.0,1
4vv9ldqh,1,0.332824427480916,1
4vv9ldqh,1,0.537404580152672,1
4vv9ldqh,1,0.332824427480916,1
4vv9ldqh,1,0.428185745140389,1
4vv9ldqh,1,0.332824427480916,1
4vv9ldqh,1,0.666846652267819,1
4vv9ldqh,1,0.0519083969465649,0
4vv9ldqh,1,0.0518358531317495,0
4vv9ldqh,1,0.538167938931298,1
4vv9ldqh,1,0.0519083969465649,0
4vv9ldqh,1,1.0,1
4vv9ldqh,1,0.537796976241901,1
4vv9ldqh,1,0.25,1
4vv9ldqh,1,0.176025917926566,1
4vv9ldqh,1,0.109923664122137,0
4vv9ldqh,1,0.249460043196544,0
4vv9ldqh,1,0.176025917926566,1
4vv9ldqh,1,0.42824427480916,1
4vv9ldqh,1,0.248854961832061,1
4vv9ldqh,1,0.175572519083969,0
4vv9ldqh,1,0.816793893129771,1
4vv9ldqh,1,0.175572519083969,0
4vv9ldqh,1,0.538336933045356,1
4vv9ldqh,1,0.175572519083969,0
4vv9ldqh,1,1.0,1
4vv9ldqh,1,1.0,1
4vv9ldqh,1,0.537404580152672,1
4vv9ldqh,1,0.332613390928726,1
4vv9ldqh,1,0.537796976241901,1
4vv9ldqh,1,0.333153347732181,1
4vv9ldqh,1,0.110687022900763,0
4vv9ldqh,1,0.110687022900763,0
4vv9ldqh,1,0.176335877862595,0
4vv9ldqh,1,0.537796976241901,1
4vv9ldqh,1,0.665648854961832,1
4vv9ldqh,1,0.0519083969465649,0
4vv9ldqh,1,0.427645788336933,1
4vv9ldqh,1,0.249460043196544,0
4vv9ldqh,1,1.0,1
4vv9ldqh,1,1.0,1
4vv9ldqh,1,0.538167938931298,1
4vv9ldqh,1,0.110691144708423,0
4vv9ldqh,1,0.0518358531317495,0
4vv9ldqh,1,0.427645788336933,1
4vv9ldqh,1,0.666306695464363,1
4vv9ldqh,1,0.537404580152672,1
4vv9ldqh,1,0.817494600431966,1
4vv9ldqh,1,0.427480916030534,1
4vv9ldqh,1,0.817557251908397,1
4vv9ldqh,1,0.428185745140389,1
4vv9ldqh,1,0.818034557235421,1
4vv9ldqh,1,0.0519083969465649,0
4vv9ldqh,1,0.0518358531317495,0
4vv9ldqh,1,0.176025917926566,0
4vv9ldqh,1,0.0519083969465649,0
4vv9ldqh,1,0.666412213740458,1
4vv9ldqh,1,0.817494600431966,1
4vv9ldqh,1,0.109923664122137,0
4vv9ldqh,1,0.666412213740458,1
4vv9ldqh,1,0.175572519083969,0
4vv9ldqh,1,0.175572519083969,0
4vv9ldqh,1,0.0519083969465649,0
4vv9ldqh,1,0.538336933045356,1
4vv9ldqh,1,0.816793893129771,1
4vv9ldqh,1,0.665648854961832,1
881i4jse,1,0.817557251908397,1
881i4jse,1,0.332824427480916,0
881i4jse,1,0.428185745140389,0
881i4jse,1,0.816793893129771,0
881i4jse,1,0.110691144708423,0
881i4jse,1,1.0,1
881i4jse,1,0.176025917926566,0
881i4jse,1,0.332613390928726,0
881i4jse,1,0.666846652267819,1
881i4jse,1,0.109923664122137,0
881i4jse,1,0.0523758099352052,0
881i4jse,1,0.110687022900763,0
881i4jse,1,0.25,0
881i4jse,1,0.248854961832061,0
881i4jse,1,1.0,1
881i4jse,1,0.175572519083969,0
881i4jse,1,0.427480916030534,0
881i4jse,1,0.428185745140389,1
881i4jse,1,1.0,1
881i4jse,1,0.109923664122137,0
881i4jse,1,0.248854961832061,0
881i4jse,1,0.176025917926566,0
881i4jse,1,0.332613390928726,0
881i4jse,1,0.666306695464363,1
881i4jse,1,0.818034557235421,1
881i4jse,1,0.0523758099352052,0
881i4jse,1,0.537796976241901,0
881i4jse,1,0.817557251908397,1
881i4jse,1,0.538336933045356,0
881i4jse,1,0.818034557235421,1
881i4jse,1,0.665648854961832,0
881i4jse,1,0.176335877862595,0
881i4jse,1,0.176335877862595,0
881i4jse,1,0.109923664122137,0
881i4jse,1,0.817494600431966,1
881i4jse,1,0.333153347732181,0
881i4jse,1,0.665648854961832,0
881i4jse,1,0.110687022900763,0
881i4jse,1,0.0523758099352052,0
881i4jse,1,1.0,1
881i4jse,1,0.666846652267819,1
881i4jse,1,0.537796976241901,0
881i4jse,1,0.817557251908397,1
881i4jse,1,0.175572519083969,0
881i4jse,1,0.665648854961832,0
881i4jse,1,0.110691144708423,0
881i4jse,1,0.110687022900763,0
881i4jse,1,0.538167938931298,1
881i4jse,1,1.0,1
881i4jse,1,0.666846652267819,1
881i4jse,1,0.427645788336933,0
881i4jse,1,0.332824427480916,0
881i4jse,1,0.537404580152672,0
881i4jse,1,0.109923664122137,0
881i4jse,1,0.538336933045356,1
881i4jse,1,0.110151187904968,0
881i4jse,1,1.0,1
881i4jse,1,1.0,1
881i4jse,1,0.0519083969465649,0
881i4jse,1,0.537404580152672,0
881i4jse,1,0.175572519083969,0
881i4jse,1,0.428185745140389,1
881i4jse,1,0.428185745140389,1
881i4jse,1,0.538167938931298,1
881i4jse,1,0.110691144708423,0
881i4jse,1,0.176025917926566,0
881i4jse,1,0.332824427480916,0
881i4jse,1,0.249460043196544,0
881i4jse,1,0.817557251908397,1
881i4jse,1,0.428185745140389,0
881i4jse,1,0.332824427480916,0
881i4jse,1,0.666412213740458,1
881i4jse,1,0.25,0
881i4jse,1,0.427480916030534,0
881i4jse,1,0.332824427480916,0
881i4jse,1,0.176025917926566,0
881i4jse,1,0.537796976241901,0
881i4jse,1,0.538167938931298,1
881i4jse,1,0.249618320610687,0
881i4jse,1,0.249460043196544,0
881i4jse,1,0.333153347732181,0
881i4jse,1,0.176335877862595,0
881i4jse,1,0.427480916030534,0
881i4jse,1,0.0518358531317495,0
881i4jse,1,0.0519083969465649,0
881i4jse,1,1.0,1
881i4jse,1,1.0,1
881i4jse,1,0.666412213740458,1
881i4jse,1,0.0518358531317495,0
881i4jse,1,0.816793893129771,1
881i4jse,1,0.666846652267819,1
881i4jse,1,1.0,1
881i4jse,1,0.176025917926566,0
881i4jse,1,0.110687022900763,0
881i4jse,1,0.25,0
881i4jse,1,0.332824427480916,0
881i4jse,1,0.109923664122137,0
881i4jse,1,0.816793893129771,0
881i4jse,1,0.110151187904968,0
881i4jse,1,0.0519083969465649,0
881i4jse,1,0.427645788336933,0
881i4jse,1,0.333153347732181,0
881i4jse,1,0.817494600431966,1
881i4jse,1,0.333153347732181,1
881i4jse,1,0.248854961832061,0
881i4jse,1,1.0,1
881i4jse,1,0.25,0
881i4jse,1,0.538336933045356,1
881i4jse,1,0.538167938931298,1
881i4jse,1,1.0,1
881i4jse,1,1.0,1
881i4jse,1,0.176335877862595,0
881i4jse,1,0.248854961832061,0
881i4jse,1,0.427645788336933,0
881i4jse,1,0.427645788336933,0
881i4jse,1,0.0518358531317495,0
881i4jse,1,0.537404580152672,0
881i4jse,1,0.0523758099352052,0
881i4jse,1,0.666306695464363,1
881i4jse,1,0.0519083969465649,0
881i4jse,1,0.816793893129771,1
881i4jse,1,0.110687022900763,0
881i4jse,1,0.332824427480916,0
881i4jse,1,0.0519083969465649,0
881i4jse,1,0.176335877862595,0
881i4jse,1,0.665648854961832,0
881i4jse,1,0.0523758099352052,0
881i4jse,1,0.249618320610687,0
881i4jse,1,0.0519083969465649,0
881i4jse,1,0.333153347732181,0
881i4jse,1,0.175572519083969,1
881i4jse,1,0.817494600431966,1
881i4jse,1,0.0519083969465649,0
881i4jse,1,0.175572519083969,0
881i4jse,1,0.818034557235421,1
881i4jse,1,0.0519083969465649,0
881i4jse,1,0.110691144708423,0
881i4jse,1,0.665648854961832,1
881i4jse,1,0.538336933045356,0
881i4jse,1,0.176025917926566,0
881i4jse,1,0.249460043196544,0
881i4jse,1,0.249618320610687,0
881i4jse,1,0.427645788336933,1
881i4jse,1,1.0,1
881i4jse,1,0.249460043196544,0
881i4jse,1,1.0,1
881i4jse,1,0.0518358531317495,0
881i4jse,1,0.817494600431966,1
881i4jse,1,1.0,1
881i4jse,1,0.818034557235421,1
881i4jse,1,0.332613390928726,0
881i4jse,1,0.176025917926566,0
881i4jse,1,0.332824427480916,0
881i4jse,1,1.0,1
881i4jse,1,0.427480916030534,1
881i4jse,1,1.0,1
881i4jse,1,0.537796976241901,1
881i4jse,1,0.176025917926566,0
881i4jse,1,0.666412213740458,1
881i4jse,1,0.42824427480916,0
881i4jse,1,0.0519083969465649,0
881i4jse,1,0.666412213740458,1
881i4jse,1,0.666412213740458,1
881i4jse,1,0.332824427480916,0
881i4jse,1,0.0519083969465649,0
881i4jse,1,0.249618320610687,0
881i4jse,1,0.537796976241901,0
881i4jse,1,1.0,1
881i4jse,1,1.0,1
881i4jse,1,0.817494600431966,1
881i4jse,1,0.818034557235421,1
881i4jse,1,0.249618320610687,0
881i4jse,1,0.817557251908397,1
881i4jse,1,0.666306695464363,1
881i4jse,1,0.42824427480916,0
881i4jse,1,0.176025917926566,0
881i4jse,1,0.42824427480916,0
881i4jse,1,0.538167938931298,1
881i4jse,1,0.332613390928726,0
881i4jse,1,0.248854961832061,0
881i4jse,1,0.176025917926566,0
881i4jse,1,0.42824427480916,1
881i4jse,1,0.110151187904968,0
881i4jse,1,0.332824427480916,0
881i4jse,1,0.538336933045356,1
881i4jse,1,0.110151187904968,0
881i4jse,1,0.427480916030534,0
881i4jse,1,0.110691144708423,0
881i4jse,1,0.666846652267819,1
881i4jse,1,0.249460043196544,0
881i4jse,1,0.332613390928726,0
881i4jse,1,0.537404580152672,0
881i4jse,1,0.25,0
881i4jse,1,0.537404580152672,0
881i4jse,1,0.666306695464363,0
881i4jse,1,0.816793893129771,1
881i4jse,1,0.42824427480916,1
881i4jse,1,0.110151187904968,0
881i4jse,1,0.0518358531317495,0
881i4jse,1,0.666306695464363,1
eccxhku9,0,0.0523758099352052,0
eccxhku9,0,0.665648854961832,1
eccxhku9,0,0.175572519083969,0
eccxhku9,0,0.110687022900763,0
eccxhku9,0,0.537404580152672,0
eccxhku9,0,0.666306695464363,1
eccxhku9,0,0.333153347732181,0
eccxhku9,0,0.538336933045356,0
eccxhku9,0,0.332824427480916,0
eccxhku9,0,0.175572519083969,0
eccxhku9,0,0.332824427480916,0
eccxhku9,0,0.42824427480916,0
eccxhku9,0,0.110687022900763,0
eccxhku9,0,0.818034557235421,1
eccxhku9,0,0.248854961832061,0
eccxhku9,0,0.332824427480916,0
eccxhku9,0,1.0,1
eccxhku9,0,1.0,1
eccxhku9,0,0.110151187904968,0
eccxhku9,0,0.666412213740458,0
eccxhku9,0,0.0519083969465649,0
eccxhku9,0,0.0518358531317495,0
eccxhku9,0,0.818034557235421,1
eccxhku9,0,0.176025917926566,0
eccxhku9,0,0.0519083969465649,0
eccxhku9,0,0.0518358531317495,0
eccxhku9,0,0.817494600431966,1
eccxhku9,0,0.333153347732181,0
eccxhku9,0,0.538167938931298,1
eccxhku9,0,1.0,1
eccxhku9,0,0.110151187904968,0
eccxhku9,0,0.538336933045356,0
eccxhku9,0,0.537796976241901,0
eccxhku9,0,1.0,1
eccxhku9,0,0.110691144708423,0
eccxhku9,0,0.176335877862595,0
eccxhku9,0,0.110691144708423,0
eccxhku9,0,0.427645788336933,0
eccxhku9,0,1.0,1
eccxhku9,0,0.0523758099352052,0
eccxhku9,0,0.332824427480916,0
eccxhku9,0,0.110151187904968,0
eccxhku9,0,0.816793893129771,1
eccxhku9,0,0.666846652267819,1
eccxhku9,0,0.332824427480916,0
eccxhku9,0,0.25,0
eccxhku9,0,0.332824427480916,0
eccxhku9,0,0.537796976241901,1
eccxhku9,0,0.666846652267819,1
eccxhku9,0,0.427480916030534,0
eccxhku9,0,0.248854961832061,0
eccxhku9,0,0.817494600431966,1
eccxhku9,0,0.816793893129771,0
eccxhku9,0,1.0,1
eccxhku9,0,0.25,0
eccxhku9,0,0.110687022900763,0
eccxhku9,0,0.332824427480916,0
eccxhku9,0,0.248854961832061,0
eccxhku9,0,0.427645788336933,0
eccxhku9,0,0.176025917926566,0
eccxhku9,0,0.176025917926566,0
eccxhku9,0,0.0523758099352052,0
eccxhku9,0,0.817557251908397,1
eccxhku9,0,0.0519083969465649,0
eccxhku9,0,0.176025917926566,0
eccxhku9,0,1.0,1
eccxhku9,0,0.427480916030534,0
eccxhku9,0,0.110151187904968,0
eccxhku9,0,0.248854961832061,0
eccxhku9,0,0.818034557235421,1
eccxhku9,0,0.176025917926566,0
eccxhku9,0,0.332824427480916,0
eccxhku9,0,0.537404580152672,1
eccxhku9,0,0.817557251908397,1
eccxhku9,0,0.332613390928726,0
eccxhku9,0,0.816793893129771,1
eccxhku9,0,0.427645788336933,0
eccxhku9,0,1.0,1
eccxhku9,0,0.175572519083969,0
eccxhku9,0,0.249618320610687,0
eccxhku9,0,0.666412213740458,0
eccxhku9,0,1.0,1
eccxhku9,0,0.538167938931298,0
eccxhku9,0,0.538336933045356,0
eccxhku9,0,0.0518358531317495,0
eccxhku9,0,0.332824427480916,0
eccxhku9,0,0.666846652267819,1
eccxhku9,0,0.110691144708423,0
eccxhku9,0,0.665648854961832,1
eccxhku9,0,0.817557251908397,1
eccxhku9,0,0.176025917926566,0
eccxhku9,0,1.0,1
eccxhku9,0,0.25,0
eccxhku9,0,0.428185745140389,0
eccxhku9,0,0.176025917926566,0
eccxhku9,0,0.427645788336933,0
eccxhku9,0,0.332613390928726,0
eccxhku9,0,1.0,1
eccxhku9,0,0.816793893129771,1
eccxhku9,0,0.666846652267819,1
eccxhku9,0,0.537404580152672,0
eccxhku9,0,0.428185745140389,0
eccxhku9,0,0.818034557235421,1
eccxhku9,0,0.25,0
eccxhku9,0,0.0519083969465649,0
eccxhku9,0,0.818034557235421,1
eccxhku9,0,0.665648854961832,1
eccxhku9,0,0.332613390928726,0
eccxhku9,0,0.816793893129771,1
eccxhku9,0,0.110691144708423,0
eccxhku9,0,0.176025917926566,0
eccxhku9,0,0.109923664122137,0
eccxhku9,0,0.427480916030534,0
eccxhku9,0,0.0518358531317495,0
eccxhku9,0,0.249618320610687,0
eccxhku9,0,0.249618320610687,0
eccxhku9,0,0.538336933045356,0
eccxhku9,0,0.249460043196544,0
eccxhku9,0,0.0519083969465649,0
eccxhku9,0,0.176335877862595,0
eccxhku9,0,0.175572519083969,0
eccxhku9,0,0.537796976241901,0
eccxhku9,0,0.0523758099352052,0
eccxhku9,0,0.0518358531317495,0
eccxhku9,0,0.0523758099352052,0
eccxhku9,0,0.666306695464363,0
eccxhku9,0,0.110151187904968,0
eccxhku9,0,0.817557251908397,1
eccxhku9,0,0.176025917926566,0
eccxhku9,0,0.332613390928726,0
eccxhku9,0,0.333153347732181,0
eccxhku9,0,1.0,1
eccxhku9,0,0.666306695464363,0
eccxhku9,0,0.427645788336933,0
eccxhku9,0,0.109923664122137,0
eccxhku9,0,0.428185745140389,0
eccxhku9,0,0.42824427480916,0
eccxhku9,0,0.110691144708423,0
eccxhku9,0,0.110687022900763,0
eccxhku9,0,0.427480916030534,0
eccxhku9,0,0.666846652267819,1
eccxhku9,0,0.538167938931298,0
eccxhku9,0,0.538167938931298,0
eccxhku9,0,0.249460043196544,0
eccxhku9,0,0.538336933045356,0
eccxhku9,0,0.817494600431966,1
eccxhku9,0,0.537404580152672,0
eccxhku9,0,0.249460043196544,0
eccxhku9,0,0.0519083969465649,0
eccxhku9,0,0.538167938931298,0
eccxhku9,0,0.176335877862595,0
eccxhku9,0,0.0519083969465649,0
eccxhku9,0,0.42824427480916,0
eccxhku9,0,0.333153347732181,0
eccxhku9,0,0.665648854961832,1
eccxhku9,0,0.0519083969465649,0
eccxhku9,0,0.42824427480916,0
eccxhku9,0,0.428185745140389,0
eccxhku9,0,0.249460043196544,0
eccxhku9,0,0.248854961832061,0
eccxhku9,0,0.817494600431966,1
eccxhku9,0,0.817494600431966,1
eccxhku9,0,0.109923664122137,0
eccxhku9,0,0.176335877862595,0
eccxhku9,0,0.176025917926566,0
eccxhku9,0,0.25,0
eccxhku9,0,0.176335877862595,0
eccxhku9,0,1.0,1
eccxhku9,0,0.666412213740458,1
eccxhku9,0,0.427480916030534,0
eccxhku9,0,0.666306695464363,0
eccxhku9,0,0.666412213740458,1
eccxhku9,0,0.428185745140389,0
eccxhku9,0,1.0,1
eccxhku9,0,1.0,1
eccxhku9,0,0.110687022900763,0
eccxhku9,0,1.0,1
eccxhku9,0,0.249460043196544,0
eccxhku9,0,0.333153347732181,0
eccxhku9,0,1.0,1
eccxhku9,0,0.537796976241901,0
eccxhku9,0,0.332824427480916,0
eccxhku9,0,0.249618320610687,0
eccxhku9,0,0.817557251908397,1
eccxhku9,0,0.0519083969465649,0
eccxhku9,0,0.175572519083969,0
eccxhku9,0,0.109923664122137,0
eccxhku9,0,1.0,1
eccxhku9,0,0.109923664122137,0
eccxhku9,0,0.0519083969465649,0
eccxhku9,0,0.332613390928726,0
eccxhku9,0,0.665648854961832,1
eccxhku9,0,0.666306695464363,0
eccxhku9,0,0.537404580152672,1
eccxhku9,0,0.249618320610687,0
eccxhku9,0,0.42824427480916,0
eccxhku9,0,1.0,1
eccxhku9,0,0.537796976241901,0
eccxhku9,0,1.0,1
eccxhku9,0,0.666412213740458,0
nza73440,0,0.817494600431966,0
nza73440,0,0.175572519083969,0
nza73440,0,0.0523758099352052,0
nza73440,0,0.537404580152672,0
nza73440,0,0.25,0
nza73440,0,0.176025917926566,0
nza73440,0,0.0523758099352052,0
nza73440,0,0.428185745140389,0
nza73440,0,0.666306695464363,1
nza73440,0,0.537796976241901,0
nza73440,0,0.666306695464363,1
nza73440,0,0.249460043196544,0
nza73440,0,0.817557251908397,1
nza73440,0,0.333153347732181,0
nza73440,0,0.110687022900763,0
nza73440,0,0.175572519083969,0
nza73440,0,0.110151187904968,0
nza73440,0,0.816793893129771,1
nza73440,0,0.818034557235421,1
nza73440,0,0.332824427480916,0
nza73440,0,0.175572519083969,0
nza73440,0,0.249460043196544,0
nza73440,0,0.42824427480916,0
nza73440,0,1.0,1
nza73440,0,0.175572519083969,0
nza73440,0,0.817557251908397,1
nza73440,0,1.0,1
nza73440,0,0.538336933045356,0
nza73440,0,0.666306695464363,0
nza73440,0,0.333153347732181,0
nza73440,0,0.176025917926566,0
nza73440,0,0.537404580152672,0
nza73440,0,0.332824427480916,0
nza73440,0,0.176335877862595,0
nza73440,0,0.176025917926566,0
nza73440,0,0.665648854961832,1
nza73440,0,0.176025917926566,0
nza73440,0,0.817494600431966,0
nza73440,0,0.817494600431966,1
nza73440,0,0.0523758099352052,0
nza73440,0,0.110687022900763,0
nza73440,0,0.816793893129771,1
nza73440,0,0.110691144708423,0
nza73440,0,0.25,0
nza73440,0,0.109923664122137,0
nza73440,0,0.332613390928726,0
nza73440,0,0.537404580152672,0
nza73440,0,0.332824427480916,0
nza73440,0,1.0,1
nza73440,0,0.818034557235421,0
nza73440,0,0.0519083969465649,0
nza73440,0,0.666412213740458,0
nza73440,0,1.0,1
nza73440,0,0.0518358531317495,0
nza73440,0,0.249618320610687,0
nza73440,0,0.817557251908397,1
nza73440,0,0.0519083969465649,0
nza73440,0,0.25,0
nza73440,0,0.666846652267819,0
nza73440,0,0.42824427480916,0
nza73440,0,0.665648854961832,0
nza73440,0,1.0,1
nza73440,0,0.332824427480916,0
nza73440,0,0.538167938931298,0
nza73440,0,0.175572519083969,0
nza73440,0,0.176025917926566,0
nza73440,0,0.109923664122137,0
nza73440,0,0.0519083969465649,0
nza73440,0,0.537796976241901,0
nza73440,0,0.666846652267819,0
nza73440,0,0.427645788336933,0
nza73440,0,1.0,1
nza73440,0,1.0,1
nza73440,0,1.0,1
nza73440,0,1.0,1
nza73440,0,0.248854961832061,0
nza73440,0,0.0518358531317495,0
nza73440,0,0.666846652267819,0
nza73440,0,0.332824427480916,0
nza73440,0,0.110151187904968,0
nza73440,0,0.816793893129771,1
nza73440,0,1.0,1
nza73440,0,0.0519083969465649,0
nza73440,0,0.817557251908397,0
nza73440,0,0.332613390928726,0
nza73440,0,0.176025917926566,0
nza73440,0,1.0,1
nza73440,0,0.42824427480916,0
nza73440,0,0.249618320610687,0
nza73440,0,0.666846652267819,1
nza73440,0,0.176025917926566,0
nza73440,0,0.110691144708423,0
nza73440,0,0.427480916030534,0
nza73440,0,0.0519083969465649,0
nza73440,0,0.666306695464363,1
nza73440,0,0.249618320610687,0
nza73440,0,0.538167938931298,0
nza73440,0,0.665648854961832,0
nza73440,0,0.110687022900763,0
nza73440,0,0.110691144708423,0
nza73440,0,0.538336933045356,0
nza73440,0,0.537404580152672,0
nza73440,0,0.332824427480916,0
nza73440,0,0.817494600431966,1
nza73440,0,1.0,1
nza73440,0,0.665648854961832,0
nza73440,0,0.537796976241901,0
nza73440,0,0.0518358531317495,0
nza73440,0,0.110151187904968,0
nza73440,0,0.109923664122137,0
nza73440,0,0.665648854961832,0
nza73440,0,0.249460043196544,0
nza73440,0,0.818034557235421,1
nza73440,0,0.333153347732181,0
nza73440,0,0.249618320610687,0
nza73440,0,0.537796976241901,0
nza73440,0,0.25,0
nza73440,0,0.538336933045356,0
nza73440,0,0.538167938931298,0
nza73440,0,0.109923664122137,0
nza73440,0,0.42824427480916,0
nza73440,0,1.0,1
nza73440,0,0.818034557235421,1
nza73440,0,0.666412213740458,0
nza73440,0,0.176025917926566,0
nza73440,0,0.110687022900763,0
nza73440,0,0.176335877862595,0
nza73440,0,0.816793893129771,1
nza73440,0,0.248854961832061,0
nza73440,0,1.0,1
nza73440,0,1.0,1
nza73440,0,0.538167938931298,0
nza73440,0,0.0519083969465649,0
nza73440,0,0.0518358531317495,0
nza73440,0,1.0,1
nza73440,0,0.110691144708423,0
nza73440,0,1.0,1
nza73440,0,0.538336933045356,0
nza73440,0,0.538336933045356,0
nza73440,0,0.110687022900763,0
nza73440,0,1.0,1
nza73440,0,0.427645788336933,0
nza73440,0,0.332613390928726,0
nza73440,0,0.666412213740458,0
nza73440,0,0.0523758099352052,0
nza73440,0,1.0,1
nza73440,0,0.428185745140389,0
nza73440,0,0.248854961832061,0
nza73440,0,0.333153347732181,0
nza73440,0,0.176335877862595,0
nza73440,0,0.110691144708423,0
nza73440,0,0.176335877862595,0
nza73440,0,0.0519083969465649,0
nza73440,0,0.249618320610687,0
nza73440,0,0.816793893129771,1
nza73440,0,0.427645788336933,0
nza73440,0,0.427645788336933,0
nza73440,0,0.666306695464363,1
nza73440,0,0.537404580152672,0
nza73440,0,0.538167938931298,0
nza73440,0,1.0,1
nza73440,0,0.537796976241901,0
nza73440,0,0.666846652267819,0
nza73440,0,0.427480916030534,0
nza73440,0,0.666412213740458,0
nza73440,0,0.427480916030534,0
nza73440,0,0.0523758099352052,0
nza73440,0,0.0518358531317495,0
nza73440,0,0.176025917926566,0
nza73440,0,0.110151187904968,0
nza73440,0,0.248854961832061,0
nza73440,0,0.332824427480916,0
nza73440,0,0.332613390928726,0
nza73440,0,0.333153347732181,0
nza73440,0,0.109923664122137,0
nza73440,0,0.332824427480916,0
nza73440,0,0.0519083969465649,0
nza73440,0,0.176335877862595,0
nza73440,0,0.428185745140389,0
nza73440,0,0.176025917926566,0
nza73440,0,0.332613390928726,0
nza73440,0,0.427480916030534,0
nza73440,0,0.332824427480916,0
nza73440,0,0.427480916030534,0
nza73440,0,0.249460043196544,0
nza73440,0,0.248854961832061,0
nza73440,0,0.110151187904968,0
nza73440,0,0.427645788336933,0
nza73440,0,0.249460043196544,0
nza73440,0,0.0519083969465649,0
nza73440,0,0.428185745140389,0
nza73440,0,0.818034557235421,1
nza73440,0,0.428185745140389,0
nza73440,0,0.666412213740458,1
nza73440,0,0.42824427480916,0
nza73440,0,0.0519083969465649,0
nza73440,0,0.332824427480916,0
nza73440,0,0.25,0
nza73440,0,0.817494600431966,1
nza73440,0,0.817557251908397,1
owm1r9n3,1,0.816793893129771,0
owm1r9n3,1,0.110691144708423,0
owm1r9n3,1,0.175572519083969,0
owm1r9n3,1,0.42824427480916,0
owm1r9n3,1,0.0519083969465649,0
owm1r9n3,1,0.332613390928726,0
owm1r9n3,1,0.0519083969465649,0
owm1r9n3,1,0.817557251908397,1
owm1r9n3,1,0.666412213740458,0
owm1r9n3,1,0.332824427480916,0
owm1r9n3,1,0.110691144708423,0
owm1r9n3,1,0.333153347732181,1
owm1r9n3,1,0.176025917926566,0
owm1r9n3,1,0.817494600431966,1
owm1r9n3,1,0.175572519083969,0
owm1r9n3,1,1.0,0
owm1r9n3,1,1.0,1
owm1r9n3,1,0.332824427480916,0
owm1r9n3,1,1.0,1
owm1r9n3,1,0.248854961832061,0
owm1r9n3,1,0.0523758099352052,0
owm1r9n3,1,0.332824427480916,0
owm1r9n3,1,0.176335877862595,0
owm1r9n3,1,0.818034557235421,1
owm1r9n3,1,0.25,0
owm1r9n3,1,0.427645788336933,0
owm1r9n3,1,0.176025917926566,0
owm1r9n3,1,0.176025917926566,0
owm1r9n3,1,0.817494600431966,0
owm1r9n3,1,0.537796976241901,0
owm1r9n3,1,0.538167938931298,0
owm1r9n3,1,0.249460043196544,0
owm1r9n3,1,0.818034557235421,1
owm1r9n3,1,0.816793893129771,1
owm1r9n3,1,0.538336933045356,1
owm1r9n3,1,0.110691144708423,0
owm1r9n3,1,0.110691144708423,0
owm1r9n3,1,0.332613390928726,0
owm1r9n3,1,0.42824427480916,0
owm1r9n3,1,0.537796976241901,0
owm1r9n3,1,0.248854961832061,0
owm1r9n3,1,1.0,1
owm1r9n3,1,0.109923664122137,0
owm1r9n3,1,0.332824427480916,0
owm1r9n3,1,0.249460043196544,0
owm1r9n3,1,0.666306695464363,0
owm1r9n3,1,0.249460043196544,0
owm1r9n3,1,0.428185745140389,0
owm1r9n3,1,0.110151187904968,0
owm1r9n3,1,0.666306695464363,1
owm1r9n3,1,0.109923664122137,0
owm1r9n3,1,0.666306695464363,0
owm1r9n3,1,0.332824427480916,0
owm1r9n3,1,0.249618320610687,0
owm1r9n3,1,0.666306695464363,1
owm1r9n3,1,0.175572519083969,0
owm1r9n3,1,0.427480916030534,0
owm1r9n3,1,1.0,1
owm1r9n3,1,1.0,1
owm1r9n3,1,0.817557251908397,1
owm1r9n3,1,0.176335877862595,0
owm1r9n3,1,0.538167938931298,0
owm1r9n3,1,0.666412213740458,1
owm1r9n3,1,0.0518358531317495,0
owm1r9n3,1,0.176025917926566,0
owm1r9n3,1,0.109923664122137,0
owm1r9n3,1,0.538167938931298,0
owm1r9n3,1,0.176025917926566,0
owm1r9n3,1,0.249618320610687,0
owm1r9n3,1,0.176335877862595,0
owm1r9n3,1,0.333153347732181,0
owm1r9n3,1,0.428185745140389,0
owm1r9n3,1,0.665648854961832,0
owm1r9n3,1,0.176025917926566,0
owm1r9n3,1,0.666412213740458,1
owm1r9n3,1,0.666412213740458,1
owm1r9n3,1,0.332824427480916,0
owm1r9n3,1,0.538336933045356,1
owm1r9n3,1,0.537404580152672,0
owm1r9n3,1,0.0519083969465649,0
owm1r9n3,1,1.0,1
owm1r9n3,1,0.0523758099352052,0
owm1r9n3,1,1.0,1
owm1r9n3,1,0.666846652267819,1
owm1r9n3,1,1.0,1
owm1r9n3,1,1.0,1
owm1r9n3,1,0.42824427480916,0
owm1r9n3,1,0.817557251908397,1
owm1r9n3,1,0.25,0
owm1r9n3,1,0.176335877862595,0
owm1r9n3,1,0.109923664122137,0
owm1r9n3,1,0.332824427480916,0
owm1r9n3,1,0.248854961832061,0
owm1r9n3,1,0.0519083969465649,0
owm1r9n3,1,0.110687022900763,0
owm1r9n3,1,0.249618320610687,0
owm1r9n3,1,0.110687022900763,0
owm1r9n3,1,0.538167938931298,0
owm1r9n3,1,0.427480916030534,0
owm1r9n3,1,0.427480916030534,0
owm1r9n3,1,0.665648854961832,0
owm1r9n3,1,0.333153347732181,0
owm1r9n3,1,1.0,1
owm1r9n3,1,0.665648854961832,0
owm1r9n3,1,0.176025917926566,0
owm1r9n3,1,0.332824427480916,0
owm1r9n3,1,0.538167938931298,0
owm1r9n3,1,0.666846652267819,1
owm1r9n3,1,1.0,1
owm1r9n3,1,0.0519083969465649,0
owm1r9n3,1,0.816793893129771,1
owm1r9n3,1,0.110691144708423,0
owm1r9n3,1,0.428185745140389,0
owm1r9n3,1,1.0,1
owm1r9n3,1,1.0,1
owm1r9n3,1,0.175572519083969,0
owm1r9n3,1,0.818034557235421,1
owm1r9n3,1,0.25,0
owm1r9n3,1,0.0523758099352052,0
owm1r9n3,1,0.176025917926566,0
owm1r9n3,1,0.176025917926566,0
owm1r9n3,1,0.817494600431966,0
owm1r9n3,1,0.427645788336933,0
owm1r9n3,1,0.816793893129771,1
owm1r9n3,1,0.175572519083969,0
owm1r9n3,1,0.537404580152672,0
owm1r9n3,1,0.666846652267819,1
owm1r9n3,1,0.665648854961832,0
owm1r9n3,1,0.537796976241901,0
owm1r9n3,1,0.0519083969465649,0
owm1r9n3,1,0.0519083969465649,0
owm1r9n3,1,0.25,0
owm1r9n3,1,0.427480916030534,0
owm1r9n3,1,0.666306695464363,1
owm1r9n3,1,0.249460043196544,0
owm1r9n3,1,0.0518358531317495,0
owm1r9n3,1,0.110151187904968,0
owm1r9n3,1,0.0523758099352052,0
owm1r9n3,1,0.0519083969465649,0
owm1r9n3,1,0.249460043196544,0
owm1r9n3,1,0.248854961832061,0
owm1r9n3,1,1.0,1
owm1r9n3,1,0.0518358531317495,0
owm1r9n3,1,1.0,1
owm1r9n3,1,0.249618320610687,0
owm1r9n3,1,0.427645788336933,0
owm1r9n3,1,0.666846652267819,1
owm1r9n3,1,0.110151187904968,0
owm1r9n3,1,0.538336933045356,0
owm1r9n3,1,0.537796976241901,0
owm1r9n3,1,0.538336933045356,0
owm1r9n3,1,0.428185745140389,0
owm1r9n3,1,0.666846652267819,1
owm1r9n3,1,0.818034557235421,1
owm1r9n3,1,1.0,1
owm1r9n3,1,0.332824427480916,0
owm1r9n3,1,0.818034557235421,1
owm1r9n3,1,0.110151187904968,0
owm1r9n3,1,0.0523758099352052,0
owm1r9n3,1,0.537796976241901,0
owm1r9n3,1,0.0518358531317495,0
owm1r9n3,1,0.25,0
owm1r9n3,1,0.427645788336933,0
owm1r9n3,1,0.427480916030534,0
owm1r9n3,1,0.332613390928726,0
owm1r9n3,1,0.333153347732181,0
owm1r9n3,1,0.0519083969465649,0
owm1r9n3,1,1.0,1
owm1r9n3,1,0.332824427480916,0
owm1r9n3,1,0.428185745140389,1
owm1r9n3,1,0.176025917926566,0
owm1r9n3,1,0.538336933045356,1
owm1r9n3,1,0.537404580152672,1
owm1r9n3,1,0.109923664122137,0
owm1r9n3,1,0.249618320610687,0
owm1r9n3,1,1.0,1
owm1r9n3,1,0.248854961832061,0
owm1r9n3,1,0.110687022900763,0
owm1r9n3,1,0.110687022900763,0
owm1r9n3,1,0.666412213740458,0
owm1r9n3,1,0.427645788336933,0
owm1r9n3,1,0.332613390928726,0
owm1r9n3,1,0.42824427480916,0
owm1r9n3,1,0.0519083969465649,0
owm1r9n3,1,0.817494600431966,0
owm1r9n3,1,0.42824427480916,0
owm1r9n3,1,0.817494600431966,1
owm1r9n3,1,0.665648854961832,0
owm1r9n3,1,0.817557251908397,0
owm1r9n3,1,0.537404580152672,0
owm1r9n3,1,0.817557251908397,1
owm1r9n3,1,0.332613390928726,0
owm1r9n3,1,0.0518358531317495,0
owm1r9n3,1,0.110687022900763,0
owm1r9n3,1,0.110151187904968,0
owm1r9n3,1,0.537404580152672,0
owm1r9n3,1,0.333153347732181,0
owm1r9n3,1,1.0,1
owm1r9n3,1,0.816793893129771,1
owm1r9n3,1,0.176335877862595,0
x61lulee,1,0.0519083969465649,0
x61lulee,1,0.42824427480916,0
x61lulee,1,0.332824427480916,0
x61lulee,1,0.538167938931298,0
x61lulee,1,0.42824427480916,0
x61lulee,1,1.0,0
x61lulee,1,1.0,0
x61lulee,1,0.249460043196544,0
x61lulee,1,0.332824427480916,0
x61lulee,1,0.332824427480916,0
x61lulee,1,0.817557251908397,0
x61lulee,1,0.249618320610687,0
x61lulee,1,0.538336933045356,0
x61lulee,1,0.0523758099352052,0
x61lulee,1,0.427645788336933,0
x61lulee,1,0.537404580152672,0
x61lulee,1,1.0,0
x61lulee,1,0.666412213740458,0
x61lulee,1,0.110151187904968,0
x61lulee,1,0.817494600431966,0
x61lulee,1,0.666846652267819,0
x61lulee,1,1.0,0
x61lulee,1,0.176335877862595,0
x61lulee,1,0.0523758099352052,0
x61lulee,1,1.0,0
x61lulee,1,0.817557251908397,0
x61lulee,1,0.332824427480916,0
x61lulee,1,0.666846652267819,0
x61lulee,1,0.332824427480916,0
x61lulee,1,1.0,0
x61lulee,1,1.0,0
x61lulee,1,0.333153347732181,0
x61lulee,1,0.817494600431966,0
x61lulee,1,0.110151187904968,0
x61lulee,1,0.333153347732181,0
x61lulee,1,0.249460043196544,0
x61lulee,1,0.665648854961832,0
x61lulee,1,0.332613390928726,0
x61lulee,1,1.0,0
x61lulee,1,0.0519083969465649,0
x61lulee,1,1.0,0
x61lulee,1,0.249460043196544,0
x61lulee,1,0.333153347732181,0
x61lulee,1,0.110691144708423,0
x61lulee,1,0.332824427480916,0
x61lulee,1,0.332824427480916,0
x61lulee,1,0.427645788336933,0
x61lulee,1,0.666306695464363,0
x61lulee,1,0.25,0
x61lulee,1,0.818034557235421,0
x61lulee,1,0.537796976241901,0
x61lulee,1,0.176025917926566,0
x61lulee,1,0.110691144708423,0
x61lulee,1,0.817557251908397,0
x61lulee,1,0.332613390928726,0
x61lulee,1,0.665648854961832,0
x61lulee,1,0.428185745140389,0
x61lulee,1,0.665648854961832,0
x61lulee,1,0.42824427480916,0
x61lulee,1,0.248854961832061,0
x61lulee,1,0.176335877862595,0
x61lulee,1,1.0,0
x61lulee,1,0.537796976241901,0
x61lulee,1,0.42824427480916,0
x61lulee,1,0.175572519083969,0
x61lulee,1,0.25,0
x61lulee,1,1.0,0
x61lulee,1,0.538167938931298,0
x61lulee,1,0.249618320610687,0
x61lulee,1,0.0519083969465649,0
x61lulee,1,0.248854961832061,0
x61lulee,1,0.816793893129771,0
x61lulee,1,0.428185745140389,0
x61lulee,1,0.25,0
x61lulee,1,0.538336933045356,0
x61lulee,1,0.0523758099352052,0
x61lulee,1,0.817494600431966,0
x61lulee,1,0.332824427480916,0
x61lulee,1,0.110691144708423,0
x61lulee,1,0.538167938931298,0
x61lulee,1,0.176025917926566,0
x61lulee,1,0.333153347732181,0
x61lulee,1,0.110687022900763,0
x61lulee,1,0.818034557235421,0
x61lulee,1,0.176025917926566,0
x61lulee,1,0.249618320610687,0
x61lulee,1,0.666412213740458,0
x61lulee,1,0.109923664122137,0
x61lulee,1,0.176025917926566,0
x61lulee,1,0.537404580152672,0
x61lulee,1,1.0,0
x61lulee,1,0.42824427480916,0
x61lulee,1,0.249618320610687,0
x61lulee,1,0.428185745140389,0
x61lulee,1,0.110687022900763,0
x61lulee,1,0.248854961832061,0
x61lulee,1,0.817494600431966,0
x61lulee,1,0.538167938931298,0
x61lulee,1,0.0519083969465649,0
x61lulee,1,0.666306695464363,0
x61lulee,1,0.110691144708423,0
x61lulee,1,0.666306695464363,0
x61lulee,1,0.427480916030534,0
x61lulee,1,0.110687022900763,0
x61lulee,1,0.665648854961832,0
x61lulee,1,0.176335877862595,0
x61lulee,1,0.332613390928726,0
x61lulee,1,0.176025917926566,0
x61lulee,1,0.537796976241901,0
x61lulee,1,0.666412213740458,0
x61lulee,1,0.110151187904968,0
x61lulee,1,0.109923664122137,0
x61lulee,1,0.817494600431966,0
x61lulee,1,0.666846652267819,0
x61lulee,1,0.175572519083969,0
x61lulee,1,0.110687022900763,0
x61lulee,1,0.332613390928726,0
x61lulee,1,0.110691144708423,0
x61lulee,1,0.0518358531317495,0
x61lulee,1,0.427645788336933,0
x61lulee,1,0.0519083969465649,0
x61lulee,1,0.666306695464363,0
x61lulee,1,0.816793893129771,0
x61lulee,1,0.110687022900763,0
x61lulee,1,0.538167938931298,0
x61lulee,1,0.333153347732181,0
x61lulee,1,0.110151187904968,0
x61lulee,1,0.427645788336933,0
x61lulee,1,0.0518358531317495,0
x61lulee,1,1.0,0
x61lulee,1,1.0,0
x61lulee,1,0.816793893129771,0
x61lulee,1,0.25,0
x61lulee,1,1.0,0
x61lulee,1,0.666412213740458,0
x61lulee,1,0.109923664122137,0
x61lulee,1,0.176025917926566,0
x61lulee,1,0.0519083969465649,0
x61lulee,1,0.249618320610687,0
x61lulee,1,0.25,0
x61lulee,1,0.665648854961832,0
x61lulee,1,0.427645788336933,0
x61lulee,1,0.248854961832061,0
x61lulee,1,0.818034557235421,0
x61lulee,1,0.0519083969465649,0
x61lulee,1,0.666306695464363,0
x61lulee,1,0.0518358531317495,0
x61lulee,1,0.332613390928726,0
x61lulee,1,0.427480916030534,0
x61lulee,1,0.537796976241901,0
x61lulee,1,0.176025917926566,0
x61lulee,1,0.817557251908397,0
x61lulee,1,0.427480916030534,0
x61lulee,1,0.816793893129771,0
x61lulee,1,0.249460043196544,0
x61lulee,1,0.332824427480916,0
x61lulee,1,0.176025917926566,0
x61lulee,1,0.0519083969465649,0
x61lulee,1,0.110151187904968,0
x61lulee,1,1.0,0
x61lulee,1,0.666412213740458,0
x61lulee,1,0.818034557235421,0
x61lulee,1,0.428185745140389,0
x61lulee,1,0.0523758099352052,0
x61lulee,1,0.818034557235421,0
x61lulee,1,0.537404580152672,0
x61lulee,1,0.176335877862595,0
x61lulee,1,0.666846652267819,0
x61lulee,1,0.248854961832061,0
x61lulee,1,0.109923664122137,0
x61lulee,1,0.176335877862595,0
x61lulee,1,0.0519083969465649,0
x61lulee,1,0.427480916030534,0
x61lulee,1,1.0,0
x61lulee,1,0.0523758099352052,0
x61lulee,1,0.176025917926566,0
x61lulee,1,0.175572519083969,0
x61lulee,1,0.428185745140389,0
x61lulee,1,0.816793893129771,0
x61lulee,1,0.109923664122137,0
x61lulee,1,1.0,0
x61lulee,1,0.0518358531317495,0
x61lulee,1,1.0,0
x61lulee,1,0.0519083969465649,0
x61lulee,1,0.537404580152672,0
x61lulee,1,1.0,0
x61lulee,1,0.817557251908397,0
x61lulee,1,0.176025917926566,0
x61lulee,1,0.175572519083969,0
x61lulee,1,0.538336933045356,0
x61lulee,1,0.249460043196544,0
x61lulee,1,0.0518358531317495,0
x61lulee,1,0.332824427480916,0
x61lulee,1,0.538336933045356,0
x61lulee,1,0.427480916030534,0
x61lulee,1,0.537796976241901,0
x61lulee,1,0.666846652267819,0
x61lulee,1,0.175572519083969,0
x61lulee,1,0.538336933045356,0
x61lulee,1,0.537404580152672,0
xzh0yrc3,0,1.0,1
xzh0yrc3,0,0.538167938931298,1
xzh0yrc3,0,0.175572519083969,0
xzh0yrc3,0,0.0523758099352052,0
xzh0yrc3,0,0.110687022900763,0
xzh0yrc3,0,0.666846652267819,1
xzh0yrc3,0,0.0519083969465649,0
xzh0yrc3,0,0.110691144708423,0
xzh0yrc3,0,0.665648854961832,1
xzh0yrc3,0,0.817557251908397,1
xzh0yrc3,0,0.175572519083969,0
xzh0yrc3,0,0.332613390928726,0
xzh0yrc3,0,0.176335877862595,0
xzh0yrc3,0,0.0519083969465649,0
xzh0yrc3,0,0.42824427480916,1
xzh0yrc3,0,0.818034557235421,1
xzh0yrc3,0,0.665648854961832,1
xzh0yrc3,0,0.427645788336933,1
xzh0yrc3,0,0.0518358531317495,0
xzh0yrc3,0,0.537404580152672,1
xzh0yrc3,0,1.0,1
xzh0yrc3,0,0.110691144708423,0
xzh0yrc3,0,0.428185745140389,1
xzh0yrc3,0,0.817494600431966,1
xzh0yrc3,0,0.538167938931298,1
xzh0yrc3,0,0.0519083969465649,0
xzh0yrc3,0,0.110691144708423,0
xzh0yrc3,0,0.427480916030534,0
xzh0yrc3,0,0.666412213740458,1
xzh0yrc3,0,0.176025917926566,0
xzh0yrc3,0,0.666306695464363,1
xzh0yrc3,0,1.0,1
xzh0yrc3,0,0.817557251908397,1
xzh0yrc3,0,0.110691144708423,0
xzh0yrc3,0,0.249460043196544,0
xzh0yrc3,0,0.176025917926566,1
xzh0yrc3,0,0.537404580152672,1
xzh0yrc3,0,0.175572519083969,0
xzh0yrc3,0,1.0,1
xzh0yrc3,0,0.248854961832061,0
xzh0yrc3,0,0.25,1
xzh0yrc3,0,0.666306695464363,1
xzh0yrc3,0,0.428185745140389,1
xzh0yrc3,0,0.176025917926566,0
xzh0yrc3,0,1.0,1
xzh0yrc3,0,0.109923664122137,0
xzh0yrc3,0,0.816793893129771,1
xzh0yrc3,0,0.816793893129771,1
xzh0yrc3,0,0.427645788336933,1
xzh0yrc3,0,1.0,1
xzh0yrc3,0,0.110151187904968,0
xzh0yrc3,0,0.0523758099352052,0
xzh0yrc3,0,0.332613390928726,1
xzh0yrc3,0,0.537404580152672,1
xzh0yrc3,0,0.176025917926566,0
xzh0yrc3,0,1.0,1
xzh0yrc3,0,0.249460043196544,0
xzh0yrc3,0,0.175572519083969,0
xzh0yrc3,0,0.176335877862595,0
xzh0yrc3,0,0.110151187904968,0
xzh0yrc3,0,0.109923664122137,0
xzh0yrc3,0,0.249618320610687,0
xzh0yrc3,0,0.249460043196544,0
xzh0yrc3,0,0.176335877862595,0
xzh0yrc3,0,0.25,1
xzh0yrc3,0,0.537796976241901,1
xzh0yrc3,0,0.176025917926566,0
xzh0yrc3,0,0.0519083969465649,0
xzh0yrc3,0,0.537796976241901,1
xzh0yrc3,0,1.0,1
xzh0yrc3,0,0.332824427480916,0
xzh0yrc3,0,0.666846652267819,1
xzh0yrc3,0,0.666846652267819,1
xzh0yrc3,0,0.110151187904968,0
xzh0yrc3,0,0.333153347732181,1
xzh0yrc3,0,0.0519083969465649,0
xzh0yrc3,0,0.427480916030534,1
xzh0yrc3,0,1.0,1
xzh0yrc3,0,1.0,1
xzh0yrc3,0,0.537404580152672,1
xzh0yrc3,0,0.0519083969465649,0
xzh0yrc3,0,0.25,1
xzh0yrc3,0,0.109923664122137,0
xzh0yrc3,0,0.666306695464363,1
xzh0yrc3,0,0.42824427480916,1
xzh0yrc3,0,0.176025917926566,0
xzh0yrc3,0,1.0,1
xzh0yrc3,0,0.427480916030534,1
xzh0yrc3,0,0.538336933045356,1
xzh0yrc3,0,0.816793893129771,1
xzh0yrc3,0,0.816793893129771,1
xzh0yrc3,0,1.0,1
xzh0yrc3,0,0.0519083969465649,0
xzh0yrc3,0,0.537796976241901,1
xzh0yrc3,0,0.332613390928726,0
xzh0yrc3,0,0.332824427480916,0
xzh0yrc3,0,0.817494600431966,1
xzh0yrc3,0,1.0,1
xzh0yrc3,0,0.0519083969465649,0
xzh0yrc3,0,0.427645788336933,1
xzh0yrc3,0,0.665648854961832,1
xzh0yrc3,0,0.666412213740458,1
xzh0yrc3,0,0.666412213740458,1
xzh0yrc3,0,0.110687022900763,0
xzh0yrc3,0,0.109923664122137,0
xzh0yrc3,0,0.537796976241901,1
xzh0yrc3,0,0.817557251908397,1
xzh0yrc3,0,0.537796976241901,1
xzh0yrc3,0,0.333153347732181,1
xzh0yrc3,0,0.175572519083969,0
xzh0yrc3,0,0.176025917926566,0
xzh0yrc3,0,0.333153347732181,1
xzh0yrc3,0,0.110151187904968,0
xzh0yrc3,0,0.427480916030534,1
xzh0yrc3,0,0.249618320610687,0
xzh0yrc3,0,0.176025917926566,0
xzh0yrc3,0,0.666846652267819,1
xzh0yrc3,0,0.332824427480916,1
xzh0yrc3,0,0.176335877862595,0
xzh0yrc3,0,0.665648854961832,1
xzh0yrc3,0,0.110151187904968,0
xzh0yrc3,0,0.332613390928726,0
xzh0yrc3,0,1.0,1
xzh0yrc3,0,0.42824427480916,1
xzh0yrc3,0,0.818034557235421,1
xzh0yrc3,0,0.538336933045356,1
xzh0yrc3,0,0.42824427480916,1
xzh0yrc3,0,0.0518358531317495,0
xzh0yrc3,0,0.666412213740458,1
xzh0yrc3,0,0.110691144708423,0
xzh0yrc3,0,0.0523758099352052,0
xzh0yrc3,0,0.817494600431966,1
xzh0yrc3,0,0.248854961832061,0
xzh0yrc3,0,0.818034557235421,1
xzh0yrc3,0,0.537404580152672,1
xzh0yrc3,0,0.817494600431966,1
xzh0yrc3,0,0.176335877862595,0
xzh0yrc3,0,1.0,1
xzh0yrc3,0,0.0518358531317495,0
xzh0yrc3,0,0.176025917926566,0
xzh0yrc3,0,0.818034557235421,1
xzh0yrc3,0,0.666306695464363,1
xzh0yrc3,0,0.248854961832061,0
xzh0yrc3,0,1.0,1
xzh0yrc3,0,0.42824427480916,1
xzh0yrc3,0,0.25,1
xzh0yrc3,0,0.332613390928726,1
xzh0yrc3,0,0.427645788336933,1
xzh0yrc3,0,0.248854961832061,0
xzh0yrc3,0,0.538167938931298,1
xzh0yrc3,0,0.538336933045356,1
xzh0yrc3,0,0.332824427480916,0
xzh0yrc3,0,0.666846652267819,1
xzh0yrc3,0,0.0523758099352052,0
xzh0yrc3,0,0.110687022900763,0
xzh0yrc3,0,0.249460043196544,0
xzh0yrc3,0,0.332824427480916,1
xzh0yrc3,0,0.538167938931298,1
xzh0yrc3,0,0.816793893129771,1
xzh0yrc3,0,0.249618320610687,1
xzh0yrc3,0,0.249618320610687,1
xzh0yrc3,0,0.176025917926566,0
xzh0yrc3,0,0.428185745140389,1
xzh0yrc3,0,0.427480916030534,1
xzh0yrc3,0,0.665648854961832,1
xzh0yrc3,0,0.0518358531317495,0
xzh0yrc3,0,0.110687022900763,0
xzh0yrc3,0,0.817494600431966,1
xzh0yrc3,0,0.538336933045356,1
xzh0yrc3,0,0.0519083969465649,0
xzh0yrc3,0,0.428185745140389,1
xzh0yrc3,0,1.0,1
xzh0yrc3,0,0.817557251908397,1
xzh0yrc3,0,0.333153347732181,1
xzh0yrc3,0,0.332824427480916,1
xzh0yrc3,0,0.0523758099352052,0
xzh0yrc3,0,1.0,1
xzh0yrc3,0,0.332824427480916,1
xzh0yrc3,0,0.427645788336933,1
xzh0yrc3,0,0.248854961832061,0
xzh0yrc3,0,0.666306695464363,1
xzh0yrc3,0,0.666412213740458,1
xzh0yrc3,0,0.110687022900763,0
xzh0yrc3,0,0.817557251908397,1
xzh0yrc3,0,1.0,1
xzh0yrc3,0,0.428185745140389,1
xzh0yrc3,0,0.332824427480916,0
xzh0yrc3,0,0.333153347732181,1
xzh0yrc3,0,0.818034557235421,1
xzh0yrc3,0,0.332824427480916,0
xzh0yrc3,0,0.332824427480916,1
xzh0yrc3,0,0.0518358531317495,0
xzh0yrc3,0,0.538167938931298,1
xzh0yrc3,0,0.25,1
xzh0yrc3,0,0.109923664122137,0
xzh0yrc3,0,1.0,1
xzh0yrc3,0,0.538336933045356,1
xzh0yrc3,0,0.249618320610687,0
xzh0yrc3,0,0.249460043196544,0
xzh0yrc3,0,0.0519083969465649,0
